[
  {
    "id": "a32e9884-b319-424f-9344-f9c5b74dd2f0",
    "data": [
      {
        "text": "ligue as lâmpadas",
        "userDefined": false
      }
    ],
    "isTemplate": false,
    "count": 0
  },
  {
    "id": "28341887-6f0b-4bd3-ada1-eb3179af1bd7",
    "data": [
      {
        "text": "ligue as luzes",
        "userDefined": false
      }
    ],
    "isTemplate": false,
    "count": 0
  },
  {
    "id": "325ab29d-ab94-47ab-ba09-95f8aee3049c",
    "data": [
      {
        "text": "ligar luz",
        "userDefined": false
      }
    ],
    "isTemplate": false,
    "count": 0
  },
  {
    "id": "7e1b3801-3b39-4366-8f21-30b59f006b14",
    "data": [
      {
        "text": "ligar lâmpada",
        "userDefined": false
      }
    ],
    "isTemplate": false,
    "count": 0
  },
  {
    "id": "3b7550a0-ef28-46fb-ad1f-d4fb384b0801",
    "data": [
      {
        "text": "por favor, ligue as luzes",
        "userDefined": false
      }
    ],
    "isTemplate": false,
    "count": 0
  },
  {
    "id": "75464b03-695f-4014-b68f-dbc85b605012",
    "data": [
      {
        "text": "Acenda as luzes",
        "userDefined": false
      }
    ],
    "isTemplate": false,
    "count": 0
  }
]