[
  {
    "id": "4d3d3cc7-02f1-46ef-b8ef-af86254886b6",
    "data": [
      {
        "text": "desligue a lâmpada",
        "userDefined": false
      }
    ],
    "isTemplate": false,
    "count": 0
  },
  {
    "id": "feb86817-cb4c-4f11-8397-a0316a7833af",
    "data": [
      {
        "text": "desligar",
        "userDefined": false
      }
    ],
    "isTemplate": false,
    "count": 0
  },
  {
    "id": "f23a98d2-1353-40f8-9d83-05b58b50b1c5",
    "data": [
      {
        "text": "desligue a luz",
        "userDefined": false
      }
    ],
    "isTemplate": false,
    "count": 0
  },
  {
    "id": "79644d16-97dd-479d-b366-1aa649265350",
    "data": [
      {
        "text": "desligue as luzes",
        "userDefined": false
      }
    ],
    "isTemplate": false,
    "count": 0
  },
  {
    "id": "2645a693-01c0-4910-99fb-ff071904ade6",
    "data": [
      {
        "text": "apague a luz",
        "userDefined": false
      }
    ],
    "isTemplate": false,
    "count": 0
  },
  {
    "id": "6b8131fa-331e-40aa-9c0b-d1ac80820ed0",
    "data": [
      {
        "text": "Apague as luzes",
        "userDefined": false
      }
    ],
    "isTemplate": false,
    "count": 0
  }
]